{
  "S2C_MSIL2A_20260129T145221_R053_T16DEJ_20260129T170707": {
    "cloud_cover": 100.0,
    "snow_cover": 0.0
  },
  "S2C_MSIL2A_20260129T145221_R053_T16DEH_20260129T170707": {
    "cloud_cover": 99.999201,
    "snow_cover": 0.0
  },
  "S2C_MSIL2A_20260129T145221_R053_T16DDJ_20260129T170707": {
    "cloud_cover": 99.921262,
    "snow_cover": 0.0
  },
  "S2C_MSIL2A_20260129T145221_R053_T16DDH_20260129T170707": {
    "cloud_cover": 100.0,
    "snow_cover": 0.0
  },
  "S2C_MSIL2A_20260129T145221_R053_T15DXD_20260129T170707": {
    "cloud_cover": 99.486583,
    "snow_cover": 0.0
  },
  "S2C_MSIL2A_20260129T145221_R053_T15DXC_20260129T170707": {
    "cloud_cover": 100.0,
    "snow_cover": 0.0
  },
  "S2C_MSIL2A_20260129T145221_R053_T15DWE_20260129T170707": {
    "cloud_cover": 100.0,
    "snow_cover": 0.0
  },
  "S2C_MSIL2A_20260129T145221_R053_T15DWD_20260129T170707": {
    "cloud_cover": 99.836057,
    "snow_cover": 0.0
  },
  "S2C_MSIL2A_20260129T142711_R053_T21QYB_20260129T162809": {
    "cloud_cover": 6.149828,
    "snow_cover": 0.0
  },
  "S2C_MSIL2A_20260129T142711_R053_T21QYA_20260129T162809": {
    "cloud_cover": 3.136566,
    "snow_cover": 0.0
  },
  "S2C_MSIL2A_20260129T142711_R053_T21QXV_20260129T162809": {
    "cloud_cover": 4.137931,
    "snow_cover": 0.0
  },
  "S2C_MSIL2A_20260129T142711_R053_T21QXU_20260129T162809": {
    "cloud_cover": 2.173156,
    "snow_cover": 0.0
  },
  "S2C_MSIL2A_20260129T142711_R053_T21QXB_20260129T162809": {
    "cloud_cover": 4.436312,
    "snow_cover": 0.0
  },
  "S2C_MSIL2A_20260129T142711_R053_T21QXA_20260129T162809": {
    "cloud_cover": 9.765583,
    "snow_cover": 0.0
  },
  "S2C_MSIL2A_20260129T142711_R053_T21QWV_20260129T162809": {
    "cloud_cover": 2.421349,
    "snow_cover": 0.0
  },
  "S2C_MSIL2A_20260129T142711_R053_T21QWU_20260129T162809": {
    "cloud_cover": 3.042113,
    "snow_cover": 0.0
  },
  "S2C_MSIL2A_20260129T142711_R053_T21QWB_20260129T162809": {
    "cloud_cover": 2.354107,
    "snow_cover": 0.0
  },
  "S2C_MSIL2A_20260129T142711_R053_T21QWA_20260129T162809": {
    "cloud_cover": 5.53036,
    "snow_cover": 0.0
  },
  "S2C_MSIL2A_20260129T142711_R053_T21QVV_20260129T162809": {
    "cloud_cover": 7.104634,
    "snow_cover": 0.0
  },
  "S2C_MSIL2A_20260129T142711_R053_T21QVU_20260129T162809": {
    "cloud_cover": 5.540665,
    "snow_cover": 0.0
  }
}