{
  "S2B_MSIL2A_20260128T221659_R115_T05WMP_20260128T223833": {
    "cloud_cover": 64.703667,
    "snow_cover": 13.513842
  },
  "S2B_MSIL2A_20260128T221659_R115_T05WMN_20260128T223833": {
    "cloud_cover": 54.761869,
    "snow_cover": 22.649157
  },
  "S2B_MSIL2A_20260128T221659_R115_T05WMM_20260128T223833": {
    "cloud_cover": 28.3764,
    "snow_cover": 68.884987
  },
  "S2B_MSIL2A_20260128T221659_R115_T05VLL_20260128T223833": {
    "cloud_cover": 36.110964,
    "snow_cover": 47.072491
  },
  "S2B_MSIL2A_20260128T221659_R115_T05VLK_20260128T223833": {
    "cloud_cover": 99.481797,
    "snow_cover": 0.124666
  },
  "S2B_MSIL2A_20260128T221659_R115_T04WFU_20260128T223833": {
    "cloud_cover": 44.314241,
    "snow_cover": 41.550443
  },
  "S2B_MSIL2A_20260128T221659_R115_T04WFT_20260128T223833": {
    "cloud_cover": 36.656824,
    "snow_cover": 48.969254
  },
  "S2B_MSIL2A_20260128T221659_R115_T04WFS_20260128T223833": {
    "cloud_cover": 10.607514,
    "snow_cover": 61.770737
  },
  "S2B_MSIL2A_20260128T221659_R115_T04WEV_20260128T223833": {
    "cloud_cover": 16.926134,
    "snow_cover": 74.431944
  },
  "S2B_MSIL2A_20260128T221659_R115_T04WEU_20260128T223833": {
    "cloud_cover": 13.724644,
    "snow_cover": 69.319874
  },
  "S2B_MSIL2A_20260128T221659_R115_T04WET_20260128T223833": {
    "cloud_cover": 21.652037,
    "snow_cover": 58.205158
  },
  "S2B_MSIL2A_20260128T221659_R115_T04WES_20260128T223833": {
    "cloud_cover": 45.083457,
    "snow_cover": 37.124711
  },
  "S2B_MSIL2A_20260128T221659_R115_T04WDV_20260128T223833": {
    "cloud_cover": 1.019041,
    "snow_cover": 78.32762
  },
  "S2B_MSIL2A_20260128T221659_R115_T04WDU_20260128T223833": {
    "cloud_cover": 31.81791,
    "snow_cover": 58.726114
  },
  "S2B_MSIL2A_20260128T221659_R115_T04WDT_20260128T223833": {
    "cloud_cover": 88.509506,
    "snow_cover": 7.047283
  },
  "S2B_MSIL2A_20260128T221659_R115_T04WDS_20260128T223833": {
    "cloud_cover": 93.174386,
    "snow_cover": 0.197328
  },
  "S2B_MSIL2A_20260128T221659_R115_T04VFR_20260128T223833": {
    "cloud_cover": 36.32372,
    "snow_cover": 45.830315
  },
  "S2B_MSIL2A_20260128T221659_R115_T04VFQ_20260128T223833": {
    "cloud_cover": 99.421173,
    "snow_cover": 0.011025
  },
  "S2B_MSIL2A_20260128T221659_R115_T04VER_20260128T223833": {
    "cloud_cover": 79.016525,
    "snow_cover": 13.654497
  },
  "S2B_MSIL2A_20260128T221659_R115_T04VEQ_20260128T223833": {
    "cloud_cover": 99.839598,
    "snow_cover": 0.018551
  }
}