{
  "S2B_MSIL2A_20260126T231729_R087_T60VXP_20260126T233128": {
    "cloud_cover": 51.027101,
    "snow_cover": 0.000114
  },
  "S2B_MSIL2A_20260126T231729_R087_T60VXN_20260126T233128": {
    "cloud_cover": 54.312843,
    "snow_cover": 5.9e-05
  },
  "S2B_MSIL2A_20260126T231729_R087_T60VXM_20260126T233128": {
    "cloud_cover": 51.164114,
    "snow_cover": 0.000406
  },
  "S2B_MSIL2A_20260126T231729_R087_T02WNU_20260126T233128": {
    "cloud_cover": 25.134215,
    "snow_cover": 72.463685
  },
  "S2B_MSIL2A_20260126T231729_R087_T02WNS_20260126T233128": {
    "cloud_cover": 29.854468,
    "snow_cover": 0.0
  },
  "S2B_MSIL2A_20260126T231729_R087_T02VNR_20260126T233128": {
    "cloud_cover": 27.513817,
    "snow_cover": 67.363548
  },
  "S2B_MSIL2A_20260126T231729_R087_T02VMQ_20260126T233128": {
    "cloud_cover": 22.800182,
    "snow_cover": 0.0
  },
  "S2B_MSIL2A_20260126T231729_R087_T02VMP_20260126T233128": {
    "cloud_cover": 4.75623,
    "snow_cover": 0.0
  },
  "S2B_MSIL2A_20260126T231729_R087_T02VLR_20260126T233128": {
    "cloud_cover": 16.493151,
    "snow_cover": 0.0
  },
  "S2B_MSIL2A_20260126T231729_R087_T02VLQ_20260126T233128": {
    "cloud_cover": 20.377424,
    "snow_cover": 0.0
  },
  "S2B_MSIL2A_20260126T231729_R087_T02VLP_20260126T233128": {
    "cloud_cover": 11.112472,
    "snow_cover": 0.0
  },
  "S2B_MSIL2A_20260126T231729_R087_T02VLN_20260126T233128": {
    "cloud_cover": 53.754908,
    "snow_cover": 9.405126
  },
  "S2B_MSIL2A_20260126T231729_R087_T02VLM_20260126T233128": {
    "cloud_cover": 81.219172,
    "snow_cover": 0.000216
  },
  "S2B_MSIL2A_20260126T231729_R087_T01WEP_20260126T233128": {
    "cloud_cover": 55.568451,
    "snow_cover": 41.039693
  },
  "S2B_MSIL2A_20260126T231729_R087_T01WDM_20260126T233128": {
    "cloud_cover": 14.31032,
    "snow_cover": 0.0
  },
  "S2B_MSIL2A_20260126T231729_R087_T01VFK_20260126T233128": {
    "cloud_cover": 18.937671,
    "snow_cover": 0.0
  },
  "S2B_MSIL2A_20260126T231729_R087_T01VFJ_20260126T233128": {
    "cloud_cover": 11.543971,
    "snow_cover": 0.0
  },
  "S2B_MSIL2A_20260126T231729_R087_T01VFH_20260126T233128": {
    "cloud_cover": 42.409956,
    "snow_cover": 0.0
  },
  "S2B_MSIL2A_20260126T231729_R087_T01VFG_20260126T233128": {
    "cloud_cover": 76.881427,
    "snow_cover": 0.0
  },
  "S2B_MSIL2A_20260126T231729_R087_T01VFF_20260126T233128": {
    "cloud_cover": 14.217943,
    "snow_cover": 0.0
  }
}